<?xml version="1.0" encoding="UTF-8" ?>
<extentreports>
  <configuration>
    <encoding>UTF-8</encoding>
    <documentTitle>Hexaware Test Report</documentTitle> <!-- This title will be displayed as browser title for the page -->
    <reportName>
    <![CDATA[ 
    <img src='src/main/resources/logos/hexalogo.jpg'/>
    ]]>
    
    </reportName> <!-- This will be your report heading -->
    
    <reportHeadline>A small headline</reportHeadline>
  </configuration>
  <theme>dark</theme>
  
  <scripts>
<![CDATA[
$(document).ready(function() {
            $('#parentWithoutNodes').prop("checked", true).click();
$('#test-count-setting > div.modal-footer > a')[0].click();
});
]]>
</scripts>



<protocol>http</protocol>

</extentreports>